Sign gloss,Compound signs,Session,Scene,Gloss start,Gloss end,Dominant handshape IDs,Non-dominant handshape IDs
15-fr,,2008_01_11,2,305,346,18 31,
14-fr,,2008_01_11,2,515,550,20 37,
13-fr,,2008_01_11,2,790,815,75 75,
12-fr,,2008_01_11,2,1050,1080,82 77,
11-fr,,2008_01_11,2,1280,1310,82 1,
100_1_to_c_hs-fr,,2008_01_11,2,1510,1530,1 30,
10,,2008_01_11,2,1840,1865,12 12,
4,,2008_01_11,2,2125,2155,3 3,
3,,2008_01_11,2,2411,2435,2 2,
20,,2008_01_11,2,2635,2661,38 49,
19_b,,2008_01_11,2,2935,2980,11 11,
9,,2008_01_11,2,3250,3275,11 11,
7,,2008_01_11,3,1511,1555,9 9,
6-fr,,2008_01_11,3,1820,1865,8 8,
5,,2008_01_11,3,2090,2135,4 4,
19_a,,2008_01_11,3,2345,2380,14 11,
18_b,,2008_01_11,3,2575,2611,14 10,
18_a,,2008_01_11,3,3260,3295,14 10,
17_b,,2008_01_11,4,685,730,9 9,
17_a,,2008_01_11,4,925,955,14 9,
16_b,,2008_01_11,4,1175,1211,8 8,
16_a,,2008_01_11,4,1440,1475,12 8,
2,,2008_01_11,4,1720,1745,77 77,
0_zero,,2008_01_11,4,1926,1955,65 65,
1,,2008_01_11,4,2145,2185,1 1,
a,,2008_01_11,4,2345,2370,14 14,
a_bit,,2008_01_11,4,3030,3056,43 12,
a_c,,2008_01_11,4,3285,3325,14 30,
abandon,,2008_01_11,5,180,206,82 4,82 4
abortion,,2008_01_11,5,450,480,35 4,20 20
about1,,2008_01_11,5,721,780,1 1,20 20
above1,,2008_01_11,5,1000,1031,24 24,24 24
above2,,2008_01_11,5,1296,1325,23 23,23 23
accept-fr,,2008_01_11,5,1565,1605,39 51,39 51
accident1,,2008_01_11,5,1795,1845,4 14,4 14
accident2,,2008_01_11,5,2015,2041,82 82,82 82
accompany-fr,,2008_01_11,5,2240,2280,14 14,14 14
accounting-fr,,2008_01_11,6,725,766,44 44,18 18
accuse-fr,,2008_01_11,6,1005,1040,14 14,14 14
across,,2008_01_11,6,1320,1360,18 18,18 18
act1,,2008_01_11,6,1605,1670,14 14,14 14
action,,2008_01_11,6,1855,1915,39 39,39 39
add,,2008_01_11,6,2515,2560,39 51,39 51
add_up,,2008_01_11,6,2820,2860,35 51,35 51
address,,2008_01_11,6,3076,3120,12 12,12 12
admission-fr,,2008_01_11,6,3355,3390,46 46,46 46
admit,,2008_01_11,7,540,575,18 18,18 18
adopt,,2008_01_11,7,785,825,35 82,35 82
advertisement-fr,,2008_01_11,7,1506,1570,82 82,82 82
advice,,2008_01_11,7,1805,1830,51 4,46 46
advise,,2008_01_11,7,2110,2145,51 4,46 46
afraid,,2008_01_11,8,805,845,4 4,4 4
africa1,,2008_01_11,8,1155,1235,72 72,
africa2,,2008_01_11,8,1770,1815,4 51,
after,,2008_01_11,9,546,580,18 18,18 18
afternoon,,2008_01_11,9,765,790,46 46,46 46
again,,2008_01_11,9,930,965,24 24,46 46
again_again,,2008_01_11,9,1190,1260,24 24,46 46
age,,2008_01_11,9,1466,1505,82 82,
aggravated,,2008_01_11,10,380,425,35 35,35 35
agree_correspond,,2008_01_11,10,660,705,1 1,1 1
ahead2,,2008_01_11,10,895,935,14 14,14 14
air2,,2008_01_11,10,1145,1210,18 18,18 18
airplane-side,,2008_01_11,10,1575,1605,56 56,
alarm,,2008_01_11,10,1775,1805,1 1,18 18
alcoholic_drink,,2008_01_11,11,235,285,14 14,
all,,2008_01_11,11,470,520,18 18,18 18
all_day,,2008_01_11,11,706,765,46 46,46 46
all_gone2-fr,,2008_01_11,11,950,980,4 82,46 46
all_night,,2008_01_11,11,1205,1260,46 46,46 46
all_right,,2008_01_11,11,1440,1475,18 18,18 18
all2,,2008_01_11,12,275,300,14 60,
alligator,,2008_01_11,12,476,515,5 5,5 5
allow-fr,,2008_01_11,12,665,685,18 18,18 18
almost,,2008_01_11,12,845,880,18 18,18 18
alot,,2008_01_11,12,1060,1091,35 35,35 35
altogether,,2008_01_11,12,1510,1555,14 14,14 14
always,,2008_01_11,13,315,370,1 1,
ambition,,2008_01_11,13,520,575,14 14,14 14
america,,2008_01_11,13,770,830,4 4,4 4
among,,2008_01_11,13,1395,1460,1 1,4 4
amount,,2008_01_11,13,1681,1725,35 51,35 51
amsterdam,,2008_01_11,14,325,371,1 1,1 1
analyze,,2008_01_11,14,560,595,77 41,77 41
ancestors,,2008_01_11,14,765,825,18 18,18 18
and,,2008_01_11,14,970,1005,39 51,
angel,,2008_01_11,14,1195,1235,36 36,36 36
animal,,2008_01_11,14,1465,1510,24 24,24 24
announce,,2008_01_11,15,320,350,1 1,1 1
another,,2008_01_11,15,640,666,14 14,
answer-fr,,2008_01_11,15,855,890,1 1,1 1
any,,2008_01_11,15,1085,1106,14 14,
appear,,2008_01_11,16,635,665,1 1,4 4
applaud_deaf_way,,2008_01_11,16,820,851,4 4,4 4
apple,,2008_01_11,18,826,865,79 79,
apply-fr,,2008_01_11,18,1225,1255,77 77,1 1
apply-fr1,,2008_01_11,18,1425,1465,44 44,
apply-fr2,,2008_01_11,18,1865,1905,77 77,1 1
appoint2,,2008_01_11,19,625,665,82 82,
appoint3,,2008_01_11,19,860,890,60 49,18 18
appointment1,,2008_01_11,19,1090,1131,14 14,14 14
appointment2,,2008_01_11,19,1306,1345,4 14,4 14
apprehensive,,2008_01_11,19,1541,1590,53 53,
approach,,2008_01_11,19,1845,1890,24 24,24 24
appropriate,,2008_01_11,20,366,405,1 1,82 82
approve3,,2008_01_11,20,595,636,82 82,46 46
approximately,,2008_01_11,20,800,855,4 4,
archery,,2008_01_11,20,1590,1635,82 54,82 82
area1,,2008_01_11,20,1915,1970,14 14,14 14
argentina,,2008_01_11,21,246,290,6 6,61 61
arise_get_up,,2008_01_11,21,450,490,77 77,46 46
arizona,,2008_01_11,21,695,730,14 14,
arm,,2008_01_11,21,985,1025,36 36,46 46
around,,2008_01_11,21,1240,1310,1 1,1 1
arrive,,2008_01_11,21,1481,1515,24 18,18 18
art,,2008_01_11,22,355,400,57 57,46 46
article,,2008_01_11,22,585,620,1 1,18 18
as,,2008_01_11,22,1101,1121,1 1,1 1
ashamed2,,2008_01_11,22,1345,1380,24 36,24 36
asia1,,2008_01_11,22,1590,1650,14 14,
asia2,,2008_01_11,23,225,295,14 4,
ask_request-fr,,2008_01_11,23,480,520,46 46,46 46
asl,,2008_01_11,23,680,705,14 60,
assistant-fr,,2008_01_11,23,865,905,12 12,12 12
associate,,2008_01_11,23,1075,1125,12 12,12 12
association,,2008_01_11,23,1305,1350,14 14,14 14
athens-fr,,2008_01_11,24,335,370,12 12,18 18
atlanta,,2008_01_11,24,555,595,14 14,
attempt-fr,,2008_01_11,24,780,805,14 14,14 14
attend,,2008_01_11,24,990,1020,1 1,1 1
attendance,,2008_01_11,24,1195,1221,1 1,1 1
attention2,,2008_01_11,24,1451,1481,46 46,46 46
attitude,,2008_01_11,25,470,515,14 14,
audiology,,2008_01_11,25,1230,1285,14 14,
aunt-fr,,2008_01_11,25,1481,1531,14 14,
australia1,,2008_01_11,25,1810,1835,19 19,
australia2-fr,,2008_01_11,26,611,645,10 4,10 4
austria1,,2008_01_11,26,916,955,42 79,42 79
authority,,2008_01_11,26,1140,1170,14 14,14 14
autumn,,2008_01_11,26,1370,1405,46 46,14 14
average,,2008_01_11,26,1570,1605,18 18,18 18
avoid2,,2008_01_11,26,1905,1965,14 14,14 14
awake,,2008_01_11,27,395,420,49 60,49 60
away-fr,,2008_01_11,27,755,780,24 4,
awful2,,2008_01_11,27,931,950,10 4,10 4
awkward,,2008_01_11,27,1115,1180,2 2,2 2
b,,2008_01_11,27,1415,1435,19 19,
baby,,2008_01_11,27,1605,1670,46 46,46 46
bachelor,,2008_01_11,28,315,350,19 19,
back_in_mind-fr,,2008_01_11,28,550,580,79 79,
back_together,,2008_01_11,28,725,770,19 58,19 58
back_up,,2008_01_11,28,921,966,14 14,14 14
back1-fr,,2008_01_11,28,1136,1171,20 14 58,
back-fr_body,,2008_01_11,28,1320,1350,18 18,
background,,2008_01_11,28,1755,1800,19 53,18 18
bacon,,2008_01_11,29,1065,1105,54 40,54 40
bad,,2008_01_11,29,1330,1360,18 18,
badge1,,2008_01_11,29,1575,1615,71 71,
badge2,,2008_01_11,29,1820,1870,71 71,
badge3,,2008_01_11,29,2080,2126,44 44,
badminton,,2008_01_11,30,325,380,14 14,
bake,,2008_01_11,30,581,620,46 46,46 46
balance,,2008_01_11,30,815,885,18 18,18 18
bald,,2008_01_11,30,1080,1125,13 13,
ball,,2008_01_11,30,1756,1786,30 30,30 30
balloon,,2008_01_11,30,2070,2125,14 31,31 31
baloney,,2008_01_11,31,341,385,82 82,82 82
baltimore,,2008_01_11,31,550,585,46 46,
banana,,2008_01_11,31,795,851,21 21,1 1
bandage,,2008_01_11,31,1015,1055,54 54,46 46
bangladesh,,2008_01_11,31,1220,1275,36 36,
baptist,,2008_01_11,31,1446,1505,12 12,12 12
bar2-fr,,2008_01_11,32,300,335,14 14,
basket1,,2008_01_11,33,340,370,1 1,14 14
basket2,,2008_01_11,33,555,590,35 35,35 35
basket3,,2008_01_11,33,825,866,19 19,24 24
basketball1,,2008_01_11,33,1040,1065,2 2,2 2
bat,,2008_01_11,33,1296,1335,1 79,1 79
bath,,2008_01_11,33,1580,1620,12 12,12 12
bathing_suit,,2008_01_11,34,286,340,46 46,46 46
bathrobe2,,2008_01_11,34,820,870,39 51,39 51
bathroom,,2008_01_11,34,1050,1075,72 72,
bathtub,,2008_01_11,34,1325,1380,12 12 72 54 19,12 12 72 54 19
bawl_out-fr,,2008_01_11,34,1565,1590,82 39,82 39
be_careful,,2008_01_11,35,505,535,68 68,68 68
beach2,,2008_01_11,35,760,815,36 46,36 46
beans,,2008_01_11,35,1006,1050,71 21,71 21
bear,,2008_01_11,35,1250,1290,4 5,4 5
beard,,2008_01_11,35,1510,1561,7 7,
beat_abuse,,2008_01_11,35,1745,1790,14 14,1 1
beat_hit-fr,,2008_01_11,36,260,286,82 82,42 42
beautiful,,2008_01_11,36,470,521,35 4,
because1,,2008_01_11,36,685,701,60 12,
become,,2008_01_11,36,845,880,18 18,18 18
become_fat,,2008_01_11,36,1045,1070,4 35,4 35
bed,,2008_01_11,36,1320,1350,46 46,
bee,,2008_01_11,37,660,695,36 46,
beer,,2008_01_11,37,875,910,19 19,
before1,,2008_01_11,37,1075,1096,18 24,
before2-fr,,2008_01_11,37,1275,1300,18 18,18 18
beg-fr,,2008_01_11,37,1495,1536,4 5,18 18
behavior-n1,,2008_01_11,38,495,535,19 19,19 19
behavior-n2,,2008_01_11,38,701,755,18 18,18 18
behind_time,,2008_01_11,38,1161,1185,12 12,12 12
beijing,,2008_01_11,38,1395,1426,75 75,
belgium1,,2008_01_11,38,1670,1690,19 19,
belgium2,,2008_01_11,39,310,345,19 19,
believe,,2008_01_11,39,495,535,1 36,36 36
belize,,2008_01_11,39,695,720,19 19,
bell,,2008_01_11,39,950,991,6 6,18 18
belong1,,2008_01_11,39,1315,1350,31 74,31 74
belong2,,2008_01_11,39,1525,1560,66 10,66 10
belong3,,2008_01_11,40,300,345,42 18,
below1,,2008_01_11,40,495,520,23 23,36 36
below2,,2008_01_11,40,725,751,19 19,19 19
belt,,2008_01_11,40,921,970,54 54,54 54
benefit,,2008_01_11,40,1105,1155,44 44,
beside,,2008_01_11,40,1371,1396,18 18,18 18
best,,2008_01_11,41,260,285,18 12,
bet,,2008_01_11,41,445,470,19 19,19 19
better,,2008_01_11,41,641,680,18 12,
between2,,2008_01_11,41,866,905,18 18,18 18
beyond-fr,,2008_01_11,41,1081,1110,14 14,14 14
bicycle-fr,,2008_01_11,42,235,280,82 82,82 82
big,,2008_01_11,42,425,450,38 38,38 38
billion-fr,,2008_01_11,42,1405,1435,24 24,18 18
bind,,2008_01_11,42,1661,1676,82 82,82 82
biology,,2008_01_11,42,1880,1935,19 19,19 19
bird,,2008_01_11,43,260,290,60 49,
birthday1,,2008_01_11,43,460,500,18 18,18 18
birthday2,,2008_01_11,43,915,966,14 14,
birthday3-fr,,2008_01_11,43,1355,1390,13 13,
bison,,2008_01_11,43,1650,1680,31 82,31 82
bite,,2008_01_11,43,1885,1915,32 65,19 19
black,,2008_01_11,44,485,500,1 1,
blackberry,,2008_01_11,45,285,336,1 20 7 70 81,
blame-fr,,2008_01_11,45,535,560,12 12,14 14
blanket-n,,2008_01_11,45,755,790,36 36,36 36
blanket-v,,2008_01_11,45,1000,1050,23 23,23 23
blank-out,,2008_01_11,45,1230,1250,13 13,
bless,,2008_01_11,45,1455,1485,14 4,14 4
blind1,,2008_01_11,46,246,280,41 41,
blind2,,2008_01_11,46,456,495,41 41,
blinds1,,2008_01_11,46,675,725,37 37,37 37
blinds2,,2008_01_11,46,880,915,37 4,37 4
blink,,2008_01_11,46,1085,1120,60 49 60,
block,,2008_01_11,46,1335,1365,18 18,18 18
blockheaded-fr,,2008_01_11,47,436,470,69 69,
blond1,,2008_01_11,47,630,655,81 81,
blond2,,2008_01_11,47,805,830,56 81,
blood,,2008_01_11,47,1025,1076,60 4,18 18
blossom,,2008_01_11,47,1250,1275,23 4,23 4
blouse,,2008_01_11,47,1495,1535,37 37,37 37
blow_nose,,2008_01_11,48,295,320,14 14,
blow_nose2,,2008_01_11,48,470,486,18 18,18 18
blow_up1,,2008_01_11,48,665,715,18 18,82 82
blue,,2008_01_11,48,850,875,20 20,
blueberry,,2008_01_11,48,1080,1135,20 20 43 70 81,
blush,,2008_01_11,48,1370,1445,60 14 4,14 4
boat,,2008_01_11,49,255,300,37 37,37 37
body,,2008_01_11,49,460,505,18 18,18 18
boil,,2008_01_11,49,645,710,35 35,35 35
boiling_mad,,2008_01_11,49,885,951,35 35,46 46
bolivia-fr,,2008_01_11,49,1136,1180,64 64,
bomb1,,2008_01_11,49,1356,1391,82 35,82 35
bomb2,,2008_01_11,50,261,290,82 82,82 82
bombay,,2008_01_11,50,461,510,44 44,44 44
bored,,2008_01_11,50,1435,1445,1 1,
born1,,2008_01_11,50,1666,1690,20 20,18 18
born2,,2008_01_11,50,1915,1950,18 18,18 18
borrow,,2008_01_11,50,2170,2205,58 58,58 58
boss1,,2008_01_11,51,460,480,12 12,
boss2,,2008_01_11,51,640,680,5 5,
boston,,2008_01_11,51,845,891,20 20,
both,,2008_01_11,51,1045,1075,77 40,18 82
botswana,,2008_01_11,51,1250,1285,20 20,
bottle,,2008_01_11,51,1480,1505,31 31,37 37
bounce,,2008_01_11,52,275,320,18 18,
bowling,,2008_01_11,52,530,560,2 2,
bowtie2,,2008_01_11,52,825,865,49 60 49,49 60 49
bowtie3,,2008_01_11,52,1010,1045,82 54,82 54
boxing1,,2008_01_11,52,1230,1280,82 82,82 82
boxing2,,2008_01_11,52,1430,1495,82 82,82 82
boy,,2008_01_11,53,325,350,74 51,
bra,,2008_01_11,53,760,810,38 38,38 38
bracelet1,,2008_01_11,53,985,1020,66 66,82 82
brag,,2008_01_11,53,1241,1305,12 12,12 12
brain,,2008_01_11,53,1446,1480,79 79,
brake2,,2008_01_11,54,250,280,6 6,
branch_fork_in_road,,2008_01_11,54,510,540,82 1,82 1
brave-fr,,2008_01_11,54,680,705,4 82,4 82
brawl_big_fight,,2008_01_11,54,935,980,51 46,51 46
brazil,,2008_01_11,54,1150,1175,20 20,
bread,,2008_01_11,54,1370,1406,24 24,18 18
break_record,,2008_01_11,55,275,305,4 82,14 14
break1,,2008_01_11,55,455,485,82 82,82 82
break2,,2008_01_11,55,650,690,20 20,4 4
breakdown1,,2008_01_11,55,941,976,35 35,35 35
breakdown2,,2008_01_11,55,1150,1200,82 82,82 82
breasts,,2008_01_11,56,265,290,51 51,
breathe,,2008_01_11,56,505,550,4 4,4 4
bridge,,2008_01_11,56,765,816,77 77,20 20
bring,,2008_01_11,56,955,990,18 18,46 46
broke,,2008_01_11,56,1185,1215,24 24,
broom1,,2008_01_11,56,1470,1530,82 82,82 82
broom2,,2008_01_11,57,261,320,24 24,18 18
brother_in_law-side,,2008_01_11,57,565,664,74 51 60 60 51 51 60 60,60 60 74 74 18 18
brother2,,2008_01_11,57,975,1026,74 51 1 1,1 1
brown,,2008_01_11,57,1210,1240,20 20,
brush_for_make_up,,2008_01_11,57,1455,1540,14 14,
brushing_teeth,,2008_01_11,57,1740,1810,1 1,
bug,,2008_01_11,58,1556,1590,2 2,
build_up,,2008_01_11,58,1771,1825,46 37 46,37 46 37
building1,,2008_01_11,58,1975,2020,76 40 54 40,40 54 40 54
bulgaria,,2008_01_11,58,3266,3305,30 12,
bull1,,2008_01_11,59,300,315,81 81,
bull2,,2008_01_11,59,515,531,44 44,
burn2,,2008_01_11,59,685,715,14 4,14 4
bury,,2008_01_11,59,910,955,37 37,37 37
bus,,2008_01_11,59,1370,1410,20 54 82,
business,,2008_01_11,59,1680,1710,20 20,82 82
busy2,,2008_01_11,60,490,525,20 20,20 20
but2,,2008_01_11,60,665,695,1 1,1 1
butter,,2008_01_11,60,900,935,75 75,46 46
butterfly-fr,,2008_01_11,60,1090,1124,18 24 18 24,18 24 18 24
buttons,,2008_01_11,60,1360,1410,44 44,
buy,,2008_01_11,60,1560,1590,51 51,46 46
c,,2008_01_11,61,290,300,30 30,
c_o,,2008_01_11,61,486,505,30 65,
c_p,,2008_01_11,61,695,725,30 58,
cabbage-fr,,2008_01_11,61,871,905,36 36,
cabinet-fr,,2008_01_11,61,1115,1190,20 20,20 20
cafeteria,,2008_01_11,61,1410,1441,30 30,
cake,,2008_01_11,61,1615,1645,45 45,46 46
calculus,,2008_01_11,61,1775,1810,30 30,30 30
california,,2008_01_11,61,2045,2065,56 81,
call_on_phone,,2008_01_11,62,435,475,81 81,
call_on_tty,,2008_01_11,62,645,665,79 79,1 1
camera,,2008_01_11,62,830,860,71 59 71,71 71
camp_noun,,2008_01_11,62,1086,1130,77 41,77 41
camping,,2008_01_11,62,1325,1370,55 25,55 25
can1,,2008_01_11,62,1535,1560,14 14,14 14
canada,,2008_01_11,63,290,320,12 12,
candle,,2008_01_11,63,455,490,4 4,1 1
candy_cane,,2008_01_11,63,710,794,75 75 44 44,82 82
candy1,,2008_01_11,63,965,991,75 75,
candy2,,2008_01_11,63,1191,1220,1 1,
cane,,2008_01_11,63,1630,1690,82 82,
canoe,,2008_01_11,64,255,325,14 14,14 14
canoeing,,2008_01_11,64,545,630,14 14,14 14
cant-fr,,2008_01_11,64,770,790,1 1,1 1
capital_letter,,2008_01_11,64,965,990,71 71,
capital1,,2008_01_11,64,1175,1210,1 79 1,
capital2,,2008_01_11,64,1460,1490,5 5,
capture1,,2008_01_11,65,255,280,4 82,1 1
car2,,2008_01_11,65,815,876,82 82,82 82
careless,,2008_01_11,65,1050,1090,54 54,
carpenter-fr,,2008_01_11,65,1265,1305,14 14,46 46
carrot,,2008_01_11,65,1590,1626,82 82,
carry,,2008_01_11,66,285,340,36 36,36 36
cashier,,2008_01_11,66,555,595,4 4,
cat,,2008_01_11,66,736,775,67 44,
catch_ball,,2008_01_11,66,925,950,35 82,4 4
catch1,,2008_01_11,66,1055,1085,35 82,1 1
caterpillar_side,,2008_01_11,66,1316,1375,1 79 1 79,46 46
catholic,,2008_01_11,67,270,325,54 54,
cause-fr,,2008_01_11,67,460,490,14 4,14 4
ceiling,,2008_01_11,67,690,720,23 23,23 23
celebrate,,2008_01_11,67,925,990,79 79,79 79
center1,,2008_01_11,67,1130,1166,18 24,18 18
center2,,2008_01_11,67,1320,1360,13 13,18 18
central_america,,2008_01_11,68,335,395,12 12,12 12
cereal2,,2008_01_11,68,596,661,37 37,46 46
certificate,,2008_01_11,68,830,875,30 30,30 30
certify,,2008_01_11,68,1080,1110,30 30,30 30
chain,,2008_01_11,68,1300,1350,44 67 44 67 44,44 67 44 67 44
chair,,2008_01_11,68,1535,1580,40 40,40 40
chalk2,,2008_01_11,69,270,320,80 80,
challenge,,2008_01_11,69,460,495,12 12,12 12
champagne,,2008_01_11,69,645,666,52 12,82 82
champion,,2008_01_11,69,915,945,41 41,1 1
chance,,2008_01_11,69,1485,1515,30 30,30 30
change2,,2008_01_11,69,1705,1735,79 79,79 79
change3_money,,2008_01_11,70,335,376,18 18,18 18
channel,,2008_01_11,70,905,946,30 30,
chapter-sh,,2008_01_11,70,1145,1170,30 30,18 18
character1,,2008_01_11,70,1535,1575,30 30,
character2,,2008_01_11,70,1770,1810,30 30,18 18
charge-fr,,2008_01_11,70,1981,2005,79 79,18 18
charlotte,,2008_01_11,71,285,320,30 30,
chase,,2008_01_11,71,486,555,12 12,12 12
chat,,2008_01_11,71,716,775,37 37,37 37
cheap,,2008_01_11,71,920,945,20 20,46 46
cheat1,,2008_01_11,71,1176,1225,2 2,46 46
cheat2,,2008_01_11,71,1365,1400,1 1,46 46
cheat3,,2008_01_11,72,266,310,1 1,46 46
check1,,2008_01_11,72,485,515,1 1,18 18
check2,,2008_01_11,72,720,751,60 49,60 49
check3,,2008_01_11,72,960,1021,1 1,18 18
checkers,,2008_01_11,72,1330,1360,30 30,
checking_account,,2008_01_11,72,1590,1635,53 53,53 53
cheek-fr,,2008_01_11,73,200,245,14 14,
cheese,,2008_01_11,73,440,475,4 4,4 4
chemistry,,2008_01_11,73,885,930,30 30,30 30
cherry,,2008_01_11,73,1095,1135,51 51,57 57
chest,,2008_01_11,73,1315,1360,18 18,
chew,,2008_01_11,74,340,421,14 14,14 14
chewing_gum,,2008_01_11,74,560,601,40 40,
chicago,,2008_01_11,74,805,840,30 30,
child,,2008_01_11,74,1011,1051,18 18,
children,,2008_01_11,74,1255,1290,18 18,
chile-fr,,2008_01_11,74,1490,1524,55 3 55 3,
chin,,2008_01_11,75,255,275,1 1,
china1,,2008_01_11,75,456,515,1 1,
china2,,2008_01_11,75,715,755,1 1,
chocolate,,2008_01_11,75,1000,1060,30 30,20 20
choice,,2008_01_11,75,1250,1301,67 44 67 44,4 4
choices,,2008_01_11,75,1511,1570,67 44 67 44,4 4
choke1_myself,,2008_01_11,76,265,300,30 30,
choke2_someone_else-fr,,2008_01_11,76,490,515,30 30,30 30
choose,,2008_01_11,76,670,695,67 44,
christmas,,2008_01_11,76,1130,1160,30 30,
chuckle,,2008_01_11,76,1375,1400,6 6,
church,,2008_01_11,77,295,335,30 30,20 20
cigarette,,2008_01_11,77,505,536,55 55,1 1
cigar-fr,,2008_01_11,77,721,770,70 70,
circle,,2008_01_11,77,1101,1151,1 1,
circumcise,,2008_01_11,77,1345,1380,12 12,12 12
circus,,2008_01_11,77,1536,1575,5 5,
clap,,2008_01_11,78,296,350,46 46,46 46
clean,,2008_01_11,78,920,945,46 46,46 46
clean_up,,2008_01_11,78,1110,1150,46 46,46 46
clever,,2008_01_11,78,1350,1375,13 13,
clip_bushes,,2008_01_11,78,1565,1616,54 54,54 54
clipping_nails1,,2008_01_11,79,510,561,12 14 12 14,42 42
clipping_nails2,,2008_01_11,79,750,806,12 14 12 14,46 46
close_door,,2008_01_11,79,2145,2180,20 20,20 20
close_window,,2008_01_11,79,2400,2426,46 46,46 46
close1-fr,,2008_01_11,79,2656,2695,18 18,18 18
close2-fr,,2008_01_11,81,860,910,24 24,18 18
close3,,2008_01_11,81,1045,1076,20 20,20 20
clothes-fr,,2008_01_11,81,1345,1386,4 4,4 4
coach,,2008_01_11,81,1606,1645,30 30,
coat,,2008_01_11,81,1980,2016,12 12,12 12
cocktail,,2008_01_11,81,2260,2301,71 71,
coconut-fr,,2008_01_11,82,675,705,30 30,30 30
coffee,,2008_01_11,82,901,965,82 82,82 82
coins2,,2008_01_11,82,1155,1191,44 44,46 46
coke,,2008_01_11,82,1400,1443,60 60,
cold1,,2008_01_11,82,1815,1850,12 14 12 14,
cold2,,2008_01_11,82,2035,2070,82 82,82 82
collapse_general_sign,,2008_01_11,83,320,355,35 35,35 35
collar2-fr,,2008_01_11,83,525,555,69 69,69 69
collect,,2008_01_11,83,725,780,36 36,46 46
collection,,2008_01_11,83,926,976,36 12 36 12,46 46
color,,2008_01_11,83,1140,1175,4 4,
colorado1,,2008_01_11,83,1395,1455,4 4 42 65,
colorado2,,2008_01_11,84,261,315,30 30,82 82
columbia-fr,,2008_01_11,84,505,531,30 30,
comb_hair,,2008_01_11,84,770,825,5 5,
comb-n,,2008_01_11,84,1020,1085,6 6,
come_on,,2008_01_11,84,1280,1320,37 37,
come1-fr,,2008_01_11,84,1455,1486,1 1,1 1
come2-fr,,2008_01_11,84,1670,1705,1 1,
come3-fr,,2008_01_18,1,185,225,1 1,1 1
comfortable,,2008_01_18,1,481,560,37 37,37 37
committee,,2008_01_18,1,800,835,30 30,
communicate-fr,,2008_01_18,1,1065,1140,30 30,30 30
communist,,2008_01_18,1,1495,1540,1 1,30 30
community,,2008_01_18,1,1755,1785,37 37,37 37
commute-fr,,2008_01_18,1,2075,2140,12 12,
company2,,2008_01_18,1,2451,2505,36 36,36 36
compare,,2008_01_18,1,2780,2840,36 36,36 36
compete-fr,,2008_01_18,2,350,392,12 12,12 12
complain,,2008_01_18,2,547,600,30 30,
complete_full,,2008_01_18,2,775,810,46 46,82 82
computer1-fr,,2008_01_18,2,1021,1052,30 30,37 37
concept1,,2008_01_18,2,1710,1752,30 30,
conclusion,,2008_01_18,2,2085,2120,18 18,18 18
conduct_music,,2008_01_18,2,2575,2657,1 1,1 1
conductor2,,2008_01_18,2,2940,2977,53 53,
confident-fr,,2008_01_18,2,3365,3400,4 82,4 82
conflict,,2008_01_18,3,407,441,1 1,1 1
confront,,2008_01_18,3,692,720,37 46,37 46
confuse1,,2008_01_18,3,942,1020,1 1 5 5,5 5
confused,,2008_01_18,3,1215,1280,35 35,35 35
congratulations,,2008_01_18,3,1517,1545,36 36,36 36
connect,,2008_01_18,3,1792,1825,13 10,13 10
conquer-fr,,2008_01_18,3,2015,2040,82 82,82 82
consider,,2008_01_18,3,2305,2350,1 1,1 1
consistent,,2008_01_18,3,2560,2675,81 81,81 81
constant1,,2008_01_18,3,2880,2940,12 12,12 12
constant2,,2008_01_18,4,390,491,46 46,
constitution,,2008_01_18,4,650,685,30 30,18 18
consume-fr,,2008_01_18,4,905,950,24 24,
contact,,2008_01_18,4,1747,1785,13 13,13 13
contact_lenses,,2008_01_18,4,1965,1996,13 13,
continue-fr,,2008_01_18,4,2250,2301,12 12,12 12
convince,,2008_01_18,4,2455,2480,18 18,18 18
cookie,,2008_01_18,5,322,376,5 5,18 18
cooperate,,2008_01_18,5,565,650,44 44,44 44
copy,,2008_01_18,5,781,820,39 51 39 51,18 18
copy1,,2008_01_18,5,996,1027,39 51,18 18
copy2,,2008_01_18,5,1221,1250,4 51,18 18
corn1,,2008_01_18,5,1475,1535,1 1,
corn2,,2008_01_18,5,1930,1982,82 82,82 82
corner1,,2008_01_18,5,2600,2650,18 18,18 18
corner2,,2008_01_18,5,2980,3032,1 1,1 1
correct_fix_mistake-fr,,2008_01_18,5,3200,3255,1 1,18 18
correspondence,,2008_01_18,6,302,360,82 1 79 1,82 1 79 1
cough1,,2008_01_18,6,1696,1745,30 30,
cough2-sh,,2008_01_18,6,1935,1975,82 82,
count-fr,,2008_01_18,6,2215,2247,44 44,18 18
country1,,2008_01_18,6,2467,2530,81 81,82 82
country2,,2008_01_18,6,2720,2780,18 18,82 82
couple-fr,,2008_01_18,6,2947,2980,77 77,77 77
course-fr,,2008_01_18,6,3225,3252,30 30,18 18
court,,2008_01_18,7,311,367,44 44,44 44
cousin1,,2008_01_18,7,1535,1550,30 30,
cousin2,,2008_01_18,7,1771,1813,30 30,
cousin3_neutral_sign,,2008_01_18,7,2020,2052,30 30,
cover,,2008_01_18,7,2265,2295,46 46,46 46
cover_up,,2008_01_18,7,2485,2517,4 4,4 4
cow1,,2008_01_18,7,2715,2740,81 81,81 81
cracker,,2008_01_18,7,2982,3015,14 14,14 14
crack-fr,,2008_01_18,7,3237,3275,46 46,18 18
crash,,2008_01_18,8,266,297,4 82,18 18
crawl1,,2008_01_18,8,770,895,77 41 77 41,46 46
crawl2-fr,,2008_01_18,8,1117,1185,35 35,35 35
crazy_for,,2008_01_18,8,1402,1420,35 35,
crazy1,,2008_01_18,8,2296,2340,35 35,
crazy2,,2008_01_18,8,2740,2795,1 1,
cream,,2008_01_18,8,3026,3075,18 12,18 18
credit_card-fr,,2008_01_18,8,3290,3330,14 14,18 18
creek-fr,,2008_01_18,8,3605,3682,20 20 46 46,46 46
crippled,,2008_01_18,9,287,342,69 69,69 69
criticize-fr,,2008_01_18,9,545,587,1 1,18 18
cross,,2008_01_18,9,790,856,30 30,
crowded,,2008_01_18,9,1030,1065,4 82,4 82
crown1,,2008_01_18,9,1271,1306,38 38,38 38
crown2,,2008_01_18,9,1670,1710,36 36,36 36
crush,,2008_01_18,9,1932,1980,4 14,4 14
crutches,,2008_01_18,9,2225,2305,82 82,82 82
cry1,,2008_01_18,9,2446,2505,1 79 1 79,1 79 1 79
cry2,,2008_01_18,9,2716,2786,1 79 1 79,1 79 1 79
cuba,,2008_01_18,10,392,415,46 46,
culture,,2008_01_18,10,620,650,30 30,1 1
cupboards,,2008_01_18,10,880,930,20 20,20 20
cure1,,2008_01_18,10,1115,1146,39 14,39 14
curious-fr,,2008_01_18,10,1296,1325,44 44,
curly,,2008_01_18,10,1540,1610,35 35,35 35
curriculum,,2008_01_18,10,2017,2065,30 27,18 18
curse-fr,,2008_01_18,10,2770,2790,4 14,
curtains,,2008_01_18,10,3000,3035,3 3,3 3
curve,,2008_01_18,10,3535,3585,20 20,
cushion,,2008_01_18,11,346,390,31 47,31 47
custodian,,2008_01_18,11,570,610,14 14,14 14
cut1,,2008_01_18,11,855,865,1 1,82 82
cute,,2008_01_18,11,1032,1065,75 75,
cycle,,2008_01_18,11,1296,1345,1 1,1 1
d,,2008_01_18,11,1620,1625,42 42,
dallas,,2008_01_18,11,2085,2116,42 42,
dance,,2008_01_18,11,2275,2325,77 77,46 46
dangerous,,2008_01_18,11,2502,2555,14 14,14 14
dare1,,2008_01_18,11,2755,2765,44 44,
dare2,,2008_01_18,12,312,335,12 12,12 12
dark,,2008_01_18,12,552,590,18 18,18 18
dart,,2008_01_18,12,815,845,21 60,
dash_3_dashes_on_paper,,2008_01_18,12,1130,1200,1 1,
date,,2008_01_18,12,1377,1415,42 42,42 42
daughter1,,2008_01_18,12,1660,1681,46 46,14 14
day,,2008_01_18,12,2125,2160,42 42,42 42
deaf1,,2008_01_18,12,2336,2365,42 42,
deaf2,,2008_01_18,12,2565,2596,42 42 20 20,20 20
debate1,,2008_01_18,13,251,290,1 1,46 46
deceit-fr,,2008_01_18,13,756,777,55 55,1 1
decide,,2008_01_18,13,1015,1045,44 44,44 44
decide2,,2008_01_18,13,1407,1425,44 44,44 44
decorate,,2008_01_18,13,1650,1716,35 35,35 35
deep,,2008_01_18,13,1911,1935,1 1,46 46
deer1,,2008_01_18,13,2130,2180,4 4,4 4
defend,,2008_01_18,13,2331,2362,82 82,82 82
deflate,,2008_01_18,13,2561,2585,31 51,46 46
deflated_ego,,2008_01_18,14,277,301,31 51,20 20
delicious-fr,,2008_01_18,14,460,485,66 14,
demand-fr,,2008_01_18,14,742,765,1 1,46 46
democrat,,2008_01_18,14,1145,1187,42 42,
demonstrate,,2008_01_18,14,1395,1430,1 1,18 18
denmark1,,2008_01_18,14,1595,1647,2 2,
dentist,,2008_01_18,14,1790,1830,79 79,
deny,,2008_01_18,14,1990,2017,12 12,12 12
department,,2008_01_18,14,2200,2225,42 42,42 42
depend1,,2008_01_18,14,2427,2451,1 1,1 1
depend2,,2008_01_18,15,255,295,1 1,1 1
deposit,,2008_01_18,15,457,485,12 12,12 12
depressed1,,2008_01_18,15,672,696,13 13,13 13
depressed2-fr,,2008_01_18,15,885,912,42 42,42 42
design-fr,,2008_01_18,15,1302,1336,42 42,18 18
dessert-fr,,2008_01_18,15,1495,1528,42 42,42 42
destroy1,,2008_01_18,15,1690,1740,14 4,14 4
detective,,2008_01_18,15,1955,2015,42 42,
deteriorate1,,2008_01_18,16,357,425,46 46,46 46
deteriorate2,,2008_01_18,16,717,770,12 12,12 12
detroit,,2008_01_18,16,1010,1050,42 42,
develop1,,2008_01_18,16,1240,1260,42 42,46 46
develop2-fr,,2008_01_18,16,1450,1486,20 20,46 46
devil,,2008_01_18,16,1655,1695,2 2,
dial2_phone_touch_tone,,2008_01_18,16,2975,3072,81 13,
dialogue-fr,,2008_01_18,16,3336,3395,42 42,42 42
dictionary,,2008_01_18,17,525,580,42 42,18 18
die,,2008_01_18,17,720,755,18 18,18 18
diet,,2008_01_18,17,925,955,38 38,38 38
difficult,,2008_01_18,17,1136,1190,41 41,41 41
dig,,2008_01_18,17,1345,1422,14 14,14 14
dim,,2008_01_18,17,1775,1820,4 5,4 5
dime,,2008_01_18,17,2022,2060,60 12,
dimple1,,2008_01_18,17,2297,2325,1 1,1 1
dinner2,,2008_01_18,18,785,821,42 42,
dinosaur,,2008_01_18,18,1082,1140,51 51,20 20
diploma,,2008_01_18,18,1315,1345,44 44,44 44
diploma1,,2008_01_18,18,1535,1567,65 65,65 65
direction-fr,,2008_01_18,18,1772,1820,42 42,42 42
dirt,,2008_01_18,18,2235,2302,51 51,51 51
dirty,,2008_01_18,18,2410,2470,4 4,
disappear,,2008_01_18,19,435,455,1 1,46 46
disappoint,,2008_01_18,19,632,670,1 1,
discipline,,2008_01_18,19,880,925,42 42,20 20
disconnect,,2008_01_18,19,1115,1146,44 4,44 4
discontented,,2008_01_18,19,1360,1401,12 12 20 20,20 20
discrimination-fr,,2008_01_18,19,1627,1667,42 42,18 18
discuss,,2008_01_18,19,1840,1885,1 1,46 46
disgust,,2008_01_18,19,2065,2150,35 35,
dismiss-fr,,2008_01_18,19,2267,2295,23 23,18 18
disobey_rebel,,2008_01_18,20,382,412,82 82,
distribute,,2008_01_18,20,565,586,51 35,51 35
disturb,,2008_01_18,20,740,785,18 18,18 18
dive1-fr,,2008_01_18,20,1321,1355,46 46,46 46
dive2-fr,,2008_01_18,20,1551,1596,76 76,20 20
divide,,2008_01_18,20,1767,1790,20 20,20 20
divorce,,2008_01_18,20,1986,2015,42 42,42 42
dizzy,,2008_01_18,20,2180,2260,35 35,
do,,2008_01_18,20,2411,2476,30 30,30 30
do_work,,2008_01_18,21,227,295,35 35,35 35
do_you_mind,,2008_01_18,21,442,465,30 30,
doctor1,,2008_01_18,21,655,697,42 42,46 46
doctor2,,2008_01_18,21,855,891,23 23,46 46
dog,,2008_01_18,21,1075,1110,42 53 42 53,
doll,,2008_01_18,21,1285,1325,79 79,
dollar1,,2008_01_18,21,1500,1546,24 14,18 18
dollar2,,2008_01_18,21,1695,1735,74 51 74 51,18 18
dominican_republic1-fr,,2008_01_18,21,1912,1955,42 70,
dominican_republic2-fr,,2008_01_18,21,2141,2180,70 58,
donkey,,2008_01_18,22,250,301,20 23,
dont,,2008_01_18,22,445,476,18 18,18 18
dont_care-fr,,2008_01_18,22,677,700,51 35,
dont_know-fr,,2008_01_18,22,925,950,18 18,
dont_like,,2008_01_18,22,1105,1145,13 35,
dont_mind-fr,,2008_01_18,22,1275,1300,1 1,
dont_want,,2008_01_18,22,1460,1485,35 35,35 35
doorbell,,2008_01_18,22,1671,1706,12 12,18 18
dormitory,,2008_01_18,22,1895,1925,42 42,
double,,2008_01_18,22,2217,2251,58 58,
doubt2,,2008_01_18,23,240,275,77 41,
doughnut,,2008_01_18,23,587,627,70 70,70 70
down,,2008_01_18,23,790,820,1 1,
downstairs,,2008_01_18,23,990,1031,1 1,
drag-fr,,2008_01_18,23,1202,1245,14 14,14 14
drama,,2008_01_18,23,1387,1445,12 12,12 12
draw-fr,,2008_01_18,23,1610,1667,57 57,18 18
drawing-fr,,2008_01_18,23,1825,1866,57 57,18 18
dream,,2008_01_18,23,2055,2091,42 79,
dress_n,,2008_01_18,23,2285,2327,4 4,4 4
dress_v,,2008_01_18,24,275,297,4 4,4 4
dresser1,,2008_01_18,24,502,560,82 82,82 82
dresser2,,2008_01_18,24,725,785,7 7,7 7
dress-n,,2008_01_18,24,985,1041,4 4,4 4
dress-v,,2008_01_18,24,1510,1545,4 4,4 4
drill,,2008_01_18,24,2582,2646,60 60,18 18
drink_non_alcoholic,,2008_01_18,24,2880,2910,30 30,
drip,,2008_01_18,24,3135,3210,82 1 82 1,46 46
drive,,2008_01_18,24,3355,3420,82 82,82 82
drive_to-fr,,2008_01_18,24,3610,3650,82 82,82 82
drop,,2008_01_18,25,285,310,82 4,82 4
drop_of_liquid,,2008_01_18,25,480,511,82 1,
drown1,,2008_01_18,25,685,726,77 77,46 46
drown2,,2008_01_18,25,955,981,12 12,46 46
drugs1,,2008_01_18,25,1165,1220,12 12,14 14
drugs2,,2008_01_18,25,1396,1467,13 13,18 18
drums,,2008_01_18,25,1602,1655,14 14,14 14
drunk,,2008_01_18,25,1810,1837,14 14,
dry,,2008_01_18,25,2035,2080,42 79,
dryer1-fr,,2008_01_18,25,2390,2492,42 79 1 1,30 30
dryer2,,2008_01_18,26,265,298,42 79,
dublin,,2008_01_18,26,696,730,49 60,
duck-fr,,2008_01_18,26,912,945,73 50,
during-fr,,2008_01_18,26,1121,1155,1 1,1 1
dust,,2008_01_18,26,1347,1415,14 14,
duty-fr,,2008_01_18,26,1585,1620,42 42,82 82
dye,,2008_01_18,26,1832,1905,44 44,44 44
e,,2008_01_18,26,2070,2130,43 43,
e_mail-fr,,2008_01_18,26,2426,2455,43 43,1 1
each,,2008_01_18,26,2670,2695,12 12,12 12
eager-fr,,2008_01_18,27,261,325,46 46,46 46
eagle-side,,2008_01_18,27,455,490,79 79,
ear,,2008_01_18,27,720,772,14 14,
earache,,2008_01_18,27,935,980,1 1,1 1
early,,2008_01_18,27,1136,1180,43 70 60 81,
early1,,2008_01_18,27,1327,1362,13 13,46 46
early2,,2008_01_18,27,1610,1662,43 14 70 60 81,
earmuffs,,2008_01_18,27,1907,1960,5 5,5 5
earrings,,2008_01_18,27,2161,2201,53 21,53 21
earth,,2008_01_18,27,2426,2492,66 66,46 46
earthquake,,2008_01_18,28,411,475,66 66 82 82,46 46 82 82
east,,2008_01_18,28,935,965,43 43,
easter2,,2008_01_18,28,1125,1156,43 43,43 43
easy,,2008_01_18,28,1337,1380,18 24,18 18
eat-fr,,2008_01_18,28,1552,1590,51 51,
economy-fr,,2008_01_18,28,1795,1835,43 43,46 46
ecuador1-fr,,2008_01_18,28,2090,2130,23 23,46 46
edge,,2008_01_18,28,2340,2367,18 18,18 18
education,,2008_01_18,28,2550,2575,43 42,
effort-fr,,2008_01_18,28,2766,2800,43 43,43 43
ego,,2008_01_18,29,267,300,57 57,
ego_inflated,,2008_01_18,29,477,506,51 30,51 51
egypt_side,,2008_01_18,29,670,706,79 79,
egypt-sh,,2008_01_18,29,855,890,79 79,
eight_cents,,2008_01_18,29,1825,1867,10 10,
either,,2008_01_18,29,2105,2160,77 77,77 77
el_salvador,,2008_01_18,29,2550,2587,43 43,
elastic,,2008_01_18,29,2816,2880,80 80,80 80
elbow,,2008_01_18,29,3102,3125,1 1,82 82
election,,2008_01_18,29,3365,3400,44 44,82 82
electric,,2008_01_18,30,272,320,80 80,80 80
elementary1,,2008_01_18,30,705,745,43 43,46 46
elephant-fr,,2008_01_18,30,906,955,20 20,
elevator,,2008_01_18,30,1090,1131,43 43,46 46
eliminate,,2008_01_18,30,1291,1310,80 12,1 1
embarrassed,,2008_01_18,30,1472,1536,4 4,4 4
emergency,,2008_01_18,30,1652,1695,43 43,
emotion,,2008_01_18,30,1906,1960,43 43,43 43
emphasize,,2008_01_18,30,2151,2177,12 12,18 18
empty,,2008_01_18,31,271,290,13 13,18 18
encourage,,2008_01_18,31,475,540,36 36,36 36
encyclopedia1,,2008_01_18,31,670,722,43 43,18 18
encyclopedia2,,2008_01_18,31,885,940,43 43,18 18
end,,2008_01_18,31,1105,1150,18 18,18 18
energy,,2008_01_18,31,1745,1776,43 43,14 14
engaged,,2008_01_18,31,3445,3470,43 43,46 46
engagement,,2008_01_18,31,3755,3795,43 43,46 46
engine2-sh,,2008_01_18,31,4476,4560,82 82,82 82
engineer,,2008_01_18,32,180,240,81 18,81 18
england,,2008_01_18,32,525,565,36 36,46 46
england2,,2008_01_18,32,821,855,59 59,
enjoy1,,2008_01_18,32,1080,1172,18 18,
enough,,2008_01_18,32,1385,1420,4 4,82 82
enter,,2008_01_18,32,1580,1620,18 18,18 18
environment,,2008_01_18,32,1781,1820,43 43,1 1
episcopal,,2008_01_18,32,1977,2010,42 42,82 82
equal,,2008_01_18,32,2246,2290,24 24,24 24
equipment,,2008_01_18,32,2535,2585,43 43,46 46
erase2-fr,,2008_01_18,33,236,285,82 82,18 18
erase3,,2008_01_18,33,490,585,14 14,
escape,,2008_01_18,33,700,720,1 1,18 18
establish,,2008_01_18,33,865,901,12 12,18 18
etcetera,,2008_01_18,33,1075,1105,60 59,60 59
europe,,2008_01_18,33,1270,1316,43 43,
evaluate,,2008_01_18,33,1515,1570,61 61,61 61
evening,,2008_01_18,33,1766,1797,23 23,20 20
event,,2008_01_18,33,1951,1976,13 13,13 13
every_friday,,2008_01_18,33,2206,2235,44 44,
every_monday,,2008_01_18,34,355,380,27 27,
every_saturday,,2008_01_18,34,580,611,82 82,
every_sunday,,2008_01_18,34,791,825,4 4,4 4
every_thursday1,,2008_01_18,34,980,1010,72 54,
every_thursday2,,2008_01_18,34,1190,1215,54 54,
every_tuesday,,2008_01_18,34,1330,1355,72 72,
every_wednesday,,2008_01_18,34,1921,1950,78 78,
everyday,,2008_01_18,34,2547,2590,12 12,
everything,,2008_01_18,35,257,300,14 4,14 4
exact1,,2008_01_18,35,685,720,21 21,21 21
exaggerate,,2008_01_18,35,1110,1175,82 82,82 82
exams,,2008_01_18,35,1345,1376,42 79 4,42 79 4
exceed,,2008_01_18,35,1580,1615,24 24,24 24
exchange,,2008_01_18,35,1815,1855,21 21,21 21
excite,,2008_01_18,35,2057,2112,13 13,13 13
excuse_me,,2008_01_18,35,2310,2340,23 23,46 46
excuse-fr,,2008_01_18,36,287,332,23 23,18 18
exercise1,,2008_01_18,36,501,552,14 14,14 14
exercise2,,2008_01_18,36,745,805,82 82,82 82
expand,,2008_01_18,36,961,996,82 35,82 35
expensive,,2008_01_18,36,1162,1201,51 4,18 18
experience,,2008_01_18,36,1365,1410,4 51,
experiment,,2008_01_18,36,1582,1650,61 61,61 61
expert,,2008_01_18,36,1892,1910,44 44,
explanation-fr,,2008_01_18,36,2062,2107,44 44,44 44
expression,,2008_01_18,36,2442,2480,14 4,14 4
eyebrow,,2008_01_18,37,320,360,1 1,
eyelash1,,2008_01_18,37,527,545,51 3,51 3
eyes,,2008_01_18,37,705,735,1 1,
f,,2008_01_18,37,932,945,44 44,
fabric_cut-fr,,2008_01_18,37,1115,1160,2 75,2 75
face,,2008_01_18,37,1320,1371,1 1,
facial_expression,,2008_01_18,37,1555,1597,80 80,80 80
faint,,2008_01_18,37,1910,1940,35 82,35 82
fair3,,2008_01_18,37,2175,2200,4 4,
fair4,,2008_01_18,37,2495,2537,44 44,
fall_in_love-fr,,2008_01_18,38,271,307,1 1,46 46
fall1,,2008_01_18,38,467,497,77 77,18 18
FALSE,,2008_01_18,38,662,702,42 42,
family,,2008_01_18,38,875,912,44 44,44 44
famous,,2008_01_18,38,1095,1135,1 1,1 1
fancy,,2008_01_18,38,1325,1390,4 4,
fantasy,,2008_01_18,38,1540,1595,44 44,44 44
far,,2008_01_18,38,1775,1830,14 14,14 14
farm,,2008_01_18,38,1976,2005,4 4,
fast1,,2008_01_18,39,267,280,60 59,60 59
fasting,,2008_01_18,39,435,467,44 44,
fat1,,2008_01_18,39,635,692,81 81,46 46
fat2,,2008_01_18,39,835,855,7 7,7 7
father-fr,,2008_01_18,39,1320,1345,4 4,
fault,,2008_01_18,39,1535,1565,31 31,
favorite-fr,,2008_01_18,39,1745,1775,13 13,
fax-fr,,2008_01_18,39,1946,1975,18 18,18 18
fear,,2008_01_18,39,2130,2155,82 4,82 4
feast-n,,2008_01_18,40,240,292,51 51,51 51
federal-fr,,2008_01_18,40,410,432,44 44,
feed-v-fr,,2008_01_18,40,585,606,51 51,51 51
feel1,,2008_01_18,40,765,801,13 13,
feet,,2008_01_18,40,956,990,53 53,
female_haircut2,,2008_01_18,40,1145,1197,77 54,77 54
fence,,2008_01_18,40,1367,1395,3 3,3 3
fifth,,2008_01_18,40,1592,1622,4 4,
fight-n,,2008_01_18,40,1805,1845,82 82,82 82
fight-v,,2008_01_18,40,2025,2052,82 82,82 82
figure1,,2008_01_18,41,285,345,14 14,14 14
file-n-fr,,2008_01_18,41,660,707,18 18,18 18
file-v-fr,,2008_01_18,41,960,972,18 18,18 18
filthy,,2008_01_18,41,1220,1240,82 4,
finally,,2008_01_18,41,1401,1425,1 1,1 1
financial,,2008_01_18,41,1601,1636,44 44,18 18
find,,2008_01_18,41,1806,1830,44 44,
fine3,,2008_01_18,41,1985,2020,4 4,
finger,,2008_01_18,41,2335,2405,1 1,1 1
fingerprints-fr,,2008_01_18,41,2601,2630,4 4,18 18
fingers,,2008_01_18,42,286,330,4 4,4 4
fingerspelling-n,,2008_01_18,42,460,505,4 4,
fingerspelling-v,,2008_01_18,42,652,672,4 4,
finish,,2008_01_18,42,825,851,4 4,4 4
finland-fr,,2008_01_18,42,1342,1375,79 79,
fire1,,2008_01_18,42,1545,1612,4 4,4 4
fired-fr,,2008_01_18,42,1790,1815,18 18,82 82
fireman2-fr,,2008_01_18,42,2025,2065,20 20,
first1,,2008_01_18,42,2475,2500,1 1,12 12
fish2,,2008_01_18,43,260,295,18 18,1 1
fishing-fr,,2008_01_18,43,451,500,79 79,79 79
fist2,,2008_01_18,43,712,731,82 82,
fit-fr,,2008_01_18,43,1055,1075,35 35,35 35
five_dollars,,2008_01_18,43,1225,1247,4 4,
fix,,2008_01_18,43,1436,1452,44 79,
fix1,,2008_01_18,43,1631,1676,51 51,51 51
fla,,2008_01_18,43,1840,1860,44 60 14,
flag1,,2008_01_18,43,2045,2120,18 18,20 20
flag2-fr,,2008_01_18,43,2291,2352,18 18,42 42
flashlight1,,2008_01_18,44,265,330,38 38,
flashlight2,,2008_01_18,44,490,520,4 4,1 1
flat,,2008_01_18,44,690,715,23 23,23 23
flat_tire,,2008_01_18,44,895,915,35 51,18 18
flexible1,,2008_01_18,44,1076,1145,51 51,51 51
flexible2,,2008_01_18,44,1310,1370,46 46,51 51
flip_over1,,2008_01_18,44,1546,1586,51 51,
flip_over2,,2008_01_18,44,1781,1840,51 51,18 18
flipping_out,,2008_01_18,44,1996,2040,1 36,18 18
flirt_philanderer,,2008_01_18,44,2230,2275,4 4,4 4
float,,2008_01_18,45,375,465,4 4,4 4
flood,,2008_01_18,45,591,635,66 4,4 4
floor,,2008_01_18,45,860,882,20 20,20 20
flow1,,2008_01_18,45,1132,1177,66 4,4 4
flow3,,2008_01_18,45,1346,1400,4 4,4 4
flunk1,,2008_01_18,45,1580,1610,44 44,18 18
flunk2,,2008_01_18,45,1845,1865,77 77,18 18
flute,,2008_01_18,45,2135,2175,7 7,7 7
fly_a_kite1,,2008_01_18,45,2370,2437,79 79,79 79
fly-fr,,2008_01_18,45,2570,2600,56 56,
fly-v,,2008_01_18,46,400,485,36 46,36 46
fold1,,2008_01_18,46,682,720,18 18,18 18
follow,,2008_01_18,46,935,972,12 12,12 12
fond2,,2008_01_18,46,1160,1185,35 35,
fool1,,2008_01_18,46,1385,1405,14 14,1 1
fool2,,2008_01_18,46,1590,1615,81 81,
fool3-fr,,2008_01_18,46,2066,2095,79 79,
foolish,,2008_01_18,46,2400,2425,81 81,
foot,,2008_01_18,46,2635,2656,1 1,
football,,2008_01_18,46,2810,2845,4 4,4 4
footsteps-fr,,2008_01_18,47,307,355,46 46,46 46
for,,2008_01_18,47,521,545,1 1,
forbid,,2008_01_18,47,730,752,60 60,18 18
force1,,2008_01_18,47,921,946,30 30,
forehead,,2008_01_18,47,1167,1195,1 1,
foreign1,,2008_01_18,47,1426,1492,18 18,18 18
foreign2,,2008_01_18,47,1670,1730,44 44,18 18
forever,,2008_01_18,47,1920,1980,1 81,
forget,,2008_01_18,47,2170,2200,18 12,
forgive,,2008_01_18,47,2370,2420,23 23,18 18
forgive_me,,2008_01_18,48,160,200,23 23,18 18
fork1,,2008_01_18,48,516,552,77 77,18 18
fork2,,2008_01_18,48,837,871,77 77,18 18
form_paper1,,2008_01_18,48,1120,1216,4 1,4 1
form_paper2,,2008_01_18,48,1435,1500,44 44,44 44
fort_worth-fr,,2008_01_18,48,1665,1700,44 78,18 18
forty,,2008_01_18,48,1881,1900,3 65,
foul_up_plans,,2008_01_18,48,2157,2195,35 35,35 35
foundation,,2008_01_18,48,2420,2460,82 82,82 82
fountain,,2008_01_18,48,2830,2886,14 4,14 4
fox,,2008_01_18,49,350,385,44 44,
frame,,2008_01_18,49,620,680,38 38,38 38
france,,2008_01_18,49,840,865,44 44,
freckles,,2008_01_18,49,1220,1265,35 35,
free,,2008_01_18,49,1405,1435,44 44,44 44
freeze,,2008_01_18,49,1567,1595,4 35,4 35
french_fries,,2008_01_18,49,1760,1795,44 44,
freshman1-fr,,2008_01_18,49,2335,2395,9 9,
freshman2-fr,,2008_01_18,49,2591,2631,9 9,18 18
freshman3-fr,,2008_01_18,49,2895,2935,9 9,1 1
friday-fr,,2008_01_18,50,255,301,44 44,
friend,,2008_01_18,50,455,490,1 1,1 1
frog,,2008_01_18,50,705,741,82 77,
from,,2008_01_18,50,916,945,79 79,1 1
from_now_on-fr,,2008_01_18,50,1127,1157,18 24,18 18
front1,,2008_01_18,50,1330,1350,18 18,
frown1,,2008_01_18,50,1565,1590,35 35,
frown2,,2008_01_18,50,1751,1772,1 79,1 79
fruit-fr,,2008_01_18,50,1957,1980,44 44,
frustrate1_single_motion,,2008_01_18,50,2140,2157,20 20,
full1_filled_complete,,2008_02_01,1,575,620,4 4,82 82
full2_fed_up,,2008_02_01,1,1105,1150,20 20,
full3_full_of_food,,2008_02_01,1,1396,1460,20 20,
fun,,2008_02_01,1,1660,1700,76 76,76 76
function,,2008_02_01,1,1956,2005,44 44,20 20
funeral,,2008_02_01,1,2221,2275,77 77,77 77
funny,,2008_02_01,1,2506,2540,75 12,
furniture1,,2008_02_01,1,2780,2830,44 44,
future-fr,,2008_02_01,1,3106,3151,18 18,
g1,,2008_02_01,2,401,455,53 53,
gallaudet,,2008_02_01,2,601,640,60 21,
gamble,,2008_02_01,2,810,855,82 4,
game,,2008_02_01,2,1035,1080,12 12,12 12
gang1,,2008_02_01,2,1286,1350,82 82,
gang2,,2008_02_01,2,1995,2015,35 35,35 35
garage,,2008_02_01,2,2680,2740,2 2,18 18
gardening,,2008_02_01,2,2972,3047,82 82,82 82
gas2_n,,2008_02_01,2,3265,3350,12 12,82 82
gate,,2008_02_01,2,3530,3600,18 18,18 18
gay-fr,,2008_02_01,3,295,340,53 53,
general,,2008_02_01,3,530,575,18 18,18 18
generation,,2008_02_01,3,750,830,18 18,18 18
gentleman,,2008_02_01,3,976,1032,14 4,
geometry,,2008_02_01,3,1256,1307,53 53,53 53
germany1,,2008_02_01,3,1475,1520,4 4,4 4
germany2,,2008_02_01,3,1700,1745,42 42,
get_a_ticket,,2008_02_01,3,1985,2040,41 41,18 18
get_along_with,,2008_02_01,3,2230,2275,24 24,24 24
get_in,,2008_02_01,3,2795,2861,40 40,30 30
get_out,,2008_02_01,4,505,532,12 12,
get_ticketed,,2008_02_01,4,775,817,41 41,18 18
get_up,,2008_02_01,4,1005,1061,41 41,18 18
ghost,,2008_02_01,4,1266,1311,10 10,10 10
giant1,,2008_02_01,4,1570,1615,38 38,38 38
giant2,,2008_02_01,4,1850,1915,24 24,
giggle,,2008_02_01,4,2125,2175,31 31,
girl,,2008_02_01,4,2365,2395,12 12,
give_shot1_lhs,,2008_02_01,5,267,310,60 60,
give_up,,2008_02_01,5,501,545,23 46,23 46
give1_1h_xhs,,2008_02_01,5,770,800,79 79,
give2_2h_closed_palm,,2008_02_01,5,975,1005,51 51,51 51
glance1,,2008_02_01,5,1220,1255,77 77,
glance2,,2008_02_01,5,1432,1476,77 77,
glare,,2008_02_01,6,630,675,77 77,
glass1_material,,2008_02_01,6,950,1001,79 79,
glasses1,,2008_02_01,6,1295,1340,60 21,60 21
globe,,2008_02_01,6,1666,1737,35 35,35 35
glory,,2008_02_01,7,246,311,46 4,46 46
gloves,,2008_02_01,7,500,580,4 4,4 4
glue_n-fr,,2008_02_01,7,942,1027,80 80,18 18
glue_v-fr,,2008_02_01,7,1202,1251,80 80,18 18
go,,2008_02_01,7,1445,1495,1 1,
go_ahead,,2008_02_01,7,1670,1725,24 24,24 24
go_away,,2008_02_01,7,1840,1865,31 18,
go_by_boat,,2008_02_01,7,2071,2140,31 31,31 31
go_by_subway,,2008_02_01,7,2380,2426,81 81,18 18
go_by_train-fr,,2008_02_01,7,2802,2852,54 54,54 54
go_steady,,2008_02_01,8,280,360,12 12,12 12
go_to_it,,2008_02_01,8,645,670,1 1,
goal,,2008_02_01,8,886,931,1 1,1 1
goat-fr,,2008_02_01,8,1090,1127,16 77,
god,,2008_02_01,8,1305,1346,20 20,
gold,,2008_02_01,8,1507,1560,56 81,
golf,,2008_02_01,8,1785,1842,14 14,16 16
gone2_absent,,2008_02_01,8,1987,2026,4 51,39 51
good_at_skilled,,2008_02_01,8,2210,2232,44 44,
good_friend,,2008_02_01,8,2446,2500,79 79,79 79
good_luck1,,2008_02_01,9,240,292,12 12,12 12
good_morning2,,2008_02_01,9,895,920,18 18,
gossip,,2008_02_01,9,1390,1457,71 50,71 50
government,,2008_02_01,9,1570,1626,1 1,
grab,,2008_02_01,10,826,870,4 82,4 82
grab_opportunity,,2008_02_01,10,1065,1112,4 12,18 18
graduate1_ghs,,2008_02_01,11,257,330,69 69,18 18
graduate2_vhs,,2008_02_01,11,471,522,77 77,18 18
grammar,,2008_02_01,11,740,792,69 69,69 69
grandfather,,2008_02_01,11,965,1005,4 4,
grandmother,,2008_02_01,11,1215,1257,4 4,
grapes,,2008_02_01,11,1437,1486,5 5,4 4
grass-fr,,2008_02_01,11,1690,1720,7 7,
gravy2,,2008_02_01,11,2140,2182,66 10,4 4
gray,,2008_02_01,11,2796,2845,4 4,4 4
greece1_asl_sign,,2008_02_01,11,3120,3150,53 53,
greece2_international_sign,,2008_02_01,12,290,350,1 1,1 1
green,,2008_02_01,12,505,536,53 53,
greet,,2008_02_01,12,835,880,20 20,
grief,,2008_02_01,12,1132,1187,35 82,35 82
grip,,2008_02_01,12,1345,1385,4 82,
grouchy-sh,,2008_02_01,12,1871,1902,5 5,
group1,,2008_02_01,12,2150,2196,53 53,53 53
group2,,2008_02_01,12,2341,2377,35 35,35 35
grow,,2008_02_01,13,246,290,51 4,30 30
guatemala,,2008_02_01,13,881,952,2 2,82 82
guess,,2008_02_01,13,1192,1236,35 82,
guide,,2008_02_01,13,1485,1537,51 51,18 18
guilt,,2008_02_01,13,1737,1790,53 53,
guitar1,,2008_02_01,13,2030,2095,6 6,12 12
guitar2,,2008_02_01,13,2440,2521,35 35,6 6
gun-n,,2008_02_01,13,2765,2797,60 60,
gym_32_pe,,2008_02_01,13,3275,3320,58 43,
gym1,,2008_02_01,15,240,290,80 80,80 80
gym2,,2008_02_01,15,455,502,82 82,82 82
h,,2008_02_01,15,660,705,54 54,
h_r,,2008_02_01,15,825,865,54 70,
habit,,2008_02_01,15,991,1030,82 82,82 82
hair,,2008_02_01,15,1465,1500,44 44,
hairbrush,,2008_02_01,15,1625,1680,82 82,
haiti1,,2008_02_01,15,1810,1836,54 57,
haiti2,,2008_02_01,15,2010,2075,55 55,82 82
half2,,2008_02_01,15,2247,2290,1 77,
hall,,2008_02_01,16,502,545,54 14 60,
hall2,,2008_02_01,16,800,840,18 18,18 18
halloween1,,2008_02_01,16,1000,1050,31 31,31 31
halloween2,,2008_02_01,16,1245,1285,77 77,77 77
hamburg-fr,,2008_02_01,16,1465,1515,18 51,
hammer,,2008_02_01,16,1795,1850,14 14,82 82
handkerchief,,2008_02_01,16,2085,2115,14 14,
hands1,,2008_02_01,16,2326,2361,18 18,18 18
hang_up,,2008_02_01,16,2870,2910,81 81,
hanger1,,2008_02_01,18,1241,1305,79 79,1 1
hanger2,,2008_02_01,18,1476,1550,79 79,1 1
hanukkah,,2008_02_01,18,1785,1827,3 3,3 3
happen,,2008_02_01,18,2005,2045,1 1,1 1
happy,,2008_02_01,18,2245,2297,18 18,
hard_of_hearing1,,2008_02_01,18,2470,2516,54 54,
hard1_solid,,2008_02_01,18,2655,2692,41 41,41 41
hard2_difficult,,2008_02_01,18,3052,3110,41 41,41 41
harp,,2008_02_01,18,3411,3525,4 4,4 4
harvest,,2008_02_01,19,265,330,4 12,31 31
hat,,2008_02_01,19,547,576,18 18,
hate,,2008_02_01,19,715,736,10 4,10 4
have1_own_something,,2008_02_01,19,900,940,24 24,24 24
hawaii,,2008_02_01,19,1095,1157,54 54,
he,,2008_02_01,19,1362,1400,1 1,
head2,,2008_02_01,19,1535,1582,23 23,
headache,,2008_02_01,19,1801,1860,1 1,1 1
headline,,2008_02_01,19,2220,2257,71 71,
hearing_aid1,,2008_02_01,19,2565,2595,79 79,
hearing_aid2,,2008_02_01,20,296,362,80 80,
hearing_public,,2008_02_01,20,567,611,1 1,
heart_attack-fr,,2008_02_01,20,885,940,13 12,18 18
heart1_body_part,,2008_02_01,20,1056,1107,13 13,
heart2_emotional,,2008_02_01,20,1335,1385,1 1,1 1
heartbeat1,,2008_02_01,20,1617,1691,13 82,18 18
heartbeat2,,2008_02_01,20,1891,1967,13 14,
heavens,,2008_02_01,20,2180,2235,18 24,18 24
heavy,,2008_02_01,20,2430,2495,31 31,31 31
height1,,2008_02_01,20,2716,2766,81 81,81 81
height2,,2008_02_01,21,460,520,42 42,
helicopter,,2008_02_01,21,731,790,4 4,1 1
hell,,2008_02_01,21,930,960,54 54,
hello,,2008_02_01,21,1160,1182,20 20,
helmet,,2008_02_01,21,1386,1435,31 31,31 31
help,,2008_02_01,21,1601,1640,12 12,18 18
help_you,,2008_02_01,21,1795,1836,12 12,18 18
her,,2008_02_01,21,2170,2206,18 18,
here1,,2008_02_01,21,2447,2485,18 18,18 18
here2,,2008_02_01,21,2615,2660,53 53,53 53
hers,,2008_02_01,22,215,257,18 18,
hide,,2008_02_01,22,560,611,12 14,37 37
high_hallucination,,2008_02_01,22,826,881,54 54,
high_heels,,2008_02_01,22,1186,1252,71 71,18 18
high1,,2008_02_01,22,1492,1531,54 54,
highway1,,2008_02_01,22,1771,1825,76 63,76 63
hiking,,2008_02_01,22,2036,2120,24 24,18 18
himself,,2008_02_01,22,2260,2301,12 12,
hire,,2008_02_01,22,2455,2496,31 31,
historic_ancient-fr,,2008_02_01,22,2715,2800,18 18,18 18
history,,2008_02_01,23,246,300,54 54,
hockey,,2008_02_01,23,435,500,79 79,18 18
hold1,,2008_02_01,23,640,675,82 82,
hold3,,2008_02_01,23,820,877,1 79,1 79
hole,,2008_02_01,23,1052,1090,44 44,
holland1,,2008_02_01,23,1262,1310,30 51,30 51
holland2_side,,2008_02_01,23,1465,1516,81 81,
holy2,,2008_02_01,23,2027,2085,54 54,18 18
home,,2008_02_01,23,2780,2820,51 51,
honey1,,2008_02_01,24,231,256,75 12,
honey2,,2008_02_01,24,480,516,1 1,
hong_kong-fr,,2008_02_01,24,695,725,5 5,
honk_horn,,2008_02_01,24,1002,1055,4 4,82 82
honor,,2008_02_01,24,1220,1255,54 54,
hope1,,2008_02_01,24,1470,1500,18 24,18 24
horde_crowd,,2008_02_01,24,1702,1750,35 35,35 35
horse,,2008_02_01,24,1905,1931,75 75,
hospital,,2008_02_01,24,2460,2507,75 75,
hot,,2008_02_01,25,222,255,30 30,
hot_dog1,,2008_02_01,25,407,445,82 82,82 82
hour_1hour1,,2008_02_01,25,635,695,1 1,18 18
houston_honduras-fr,,2008_02_01,25,1445,1477,54 54,
how_many,,2008_02_01,25,1870,1880,82 4,82 4
how_much,,2008_02_01,25,2125,2150,35 35,35 35
how_much2,,2008_02_01,25,2420,2447,82 4,
how_much3,,2008_02_01,25,3245,3307,44 44,44 44
how1,,2008_02_01,25,3595,3625,12 12,12 12
how2,,2008_02_01,25,3900,3935,12 12,12 12
hug,,2008_02_01,26,321,365,14 14,14 14
huh2,,2008_02_01,26,526,555,79 79,
humble1,,2008_02_01,26,772,810,18 18,18 18
humble2,,2008_02_01,26,1285,1325,18 18,18 18
hundred,,2008_02_01,26,1920,1970,30 30,
hungary1,,2008_02_01,26,2202,2246,36 36,
hungary2,,2008_02_01,26,2430,2455,42 14,
hungry,,2008_02_01,26,2726,2780,5 5,
hunting,,2008_02_01,26,2957,2995,60 60,60 60
hurricane1,,2008_02_01,26,3161,3240,75 75,75 75
hurricane2,,2008_02_01,27,220,301,7 7,7 7
hurry-fr,,2008_02_01,27,420,445,54 54,54 54
hurt1,,2008_02_01,27,620,670,1 1,1 1
hurt2,,2008_02_01,27,847,901,13 13,
hypocrite-fr,,2008_02_01,27,1405,1447,18 24,18 24
i,,2008_02_01,27,1620,1680,57 57,
i_love_you1,,2008_02_01,27,1840,1875,56 56,
i_love_you2,,2008_02_01,27,2040,2095,82 1,82 82
i_me-fr,,2008_02_01,27,2335,2371,1 1,
ice_cream,,2008_02_01,27,2606,2660,82 82,
iceland,,2008_02_01,29,805,856,14 14,
idea,,2008_02_01,29,1040,1075,57 57,
identification,,2008_02_01,29,1301,1361,57 57,18 18
identify,,2008_02_01,29,1515,1560,57 57,18 18
if1,,2008_02_01,29,1745,1790,57 44,
ignore,,2008_02_01,29,2060,2096,3 3,
imagination,,2008_02_01,29,2230,2295,57 57,57 57
immature,,2008_02_01,29,2645,2682,57 57,
important,,2008_02_01,29,2891,2940,44 44,44 44
impossible,,2008_02_01,30,250,320,81 81,18 18
impressed_with_work-fr,,2008_02_01,30,452,486,12 12,46 46
impressed1-fr,,2008_02_01,30,622,675,12 12,18 18
improve1,,2008_02_01,30,950,1015,18 18,18 18
improve2,,2008_02_01,30,2200,2261,18 18,18 18
improve2a,,2008_02_01,30,2645,2716,18 18,18 18
in,,2008_02_01,30,3212,3250,51 51,30 30
include,,2008_02_01,30,3447,3492,39 51,30 51
increase,,2008_02_01,30,3655,3715,54 54,54 54
independent,,2008_02_01,31,265,305,57 57,57 57
india-fr,,2008_02_01,31,465,501,12 12,
individual-fr,,2008_02_01,31,650,690,57 57,57 57
indonesia,,2008_02_01,31,876,922,75 75,
industry,,2008_02_01,31,1182,1235,57 57,82 82
inferior,,2008_02_01,31,1425,1490,57 57,18 18
influence,,2008_02_01,31,1740,1772,51 4,82 82
inform_all,,2008_02_01,31,1940,1975,51 4,51 4
inform_general,,2008_02_01,31,2156,2185,51 4,51 4
inform_me,,2008_02_01,31,2470,2511,51 18,51 18
injection1-fr,,2008_02_01,32,290,330,60 60,
innocent,,2008_02_01,32,695,720,54 54,54 54
inside,,2008_02_01,32,910,950,51 51,65 65
inspired,,2008_02_01,32,1200,1235,51 4,51 4
insult-fr,,2008_02_01,33,271,297,42 42,
insurance,,2008_02_01,33,525,565,57 57,
intercourse1,,2008_02_01,33,2116,2160,77 77,77 77
interest_money,,2008_02_01,33,2535,2585,57 57,18 18
interested_in1,,2008_02_01,34,276,310,4 10,4 10
interested_in2,,2008_02_01,34,655,692,59 14,59 14
internationaladj,,2008_02_01,34,920,975,57 57,57 57
interpret-fr,,2008_02_01,34,1391,1425,44 44,44 44
interrupt,,2008_02_01,34,1627,1665,18 18,18 18
interview-fr,,2008_02_01,34,1865,1925,57 57,57 57
introduce,,2008_02_01,34,2092,2135,18 18,18 18
invent,,2008_02_01,34,2361,2400,3 3,
involve,,2008_02_01,35,225,266,39 51,39 52
iran-fr,,2008_02_01,35,482,525,12 12,18 18
ireland1,,2008_02_01,35,720,761,40 40,82 82
ireland2,,2008_02_01,35,970,1006,24 24,
iron,,2008_02_01,35,3080,3145,14 14,18 18
island,,2008_02_01,35,3360,3421,57 57,82 82
isolated1,,2008_02_01,35,3695,3785,1 1,
isolated2,,2008_02_01,35,3945,4012,57 57,57 57
israel1,,2008_02_01,35,4276,4326,57 57,
israel2-fr,,2008_02_01,36,255,282,3 45,
istanbul,,2008_02_01,36,431,487,20 20,
it_doesnt_matter,,2008_02_01,36,685,726,31 31,31 31
italy1,,2008_02_01,36,920,960,38 38,
italy2,,2008_02_01,36,1161,1211,57 57,
j,,2008_02_01,36,1405,1450,57 57,
jamaica-fr,,2008_02_01,36,1651,1700,18 18,46 46
japan,,2008_02_01,36,1880,1915,71 49,71 49
jaw,,2008_02_01,36,2260,2312,1 1,
jealous,,2008_02_01,36,2550,2582,57 57,
jellyfish,,2008_02_01,37,555,650,36 36,31 31
jelly-fr,,2008_02_01,37,956,1016,57 57,18 18
jerusalem,,2008_02_01,37,1210,1260,18 18,
jesus,,2008_02_01,37,1507,1545,13 18,18 13
jewelry,,2008_02_01,37,1910,1975,3 3,3 3
job,,2008_02_01,37,2185,2216,57 20,
job2,,2008_02_01,37,2425,2466,82 82,82 82
jogging-fr,,2008_02_01,37,2780,2845,60 38,60 38
jordan,,2008_02_01,37,3052,3105,60 60,
joy,,2008_02_01,37,3391,3445,18 18,18 18
judge_v,,2008_02_01,38,585,640,44 44,44 44
jump_to_conclusion-fr,,2008_02_01,38,1766,1930,16 77,20 20
jump1,,2008_02_01,38,2430,2495,41 41,37 37
jump2-fr,,2008_02_01,38,2955,3005,41 77,31 31
jumprope,,2008_02_01,38,3300,3362,80 80,80 80
junior1-fr,,2008_02_01,38,3622,3687,1 1,4 4
junior3-fr,,2008_02_01,38,4041,4110,46 46,4 4
kangaroo-fr,,2008_02_01,38,5006,5066,23 23,23 23
kansas_city,,2008_02_01,38,5480,5521,58 30,
karate,,2008_02_01,39,540,580,18 18,18 18
keep,,2008_02_01,39,810,855,58 58,58 58
kenya,,2008_02_01,39,1620,1686,79 79,
ketchup,,2008_02_01,39,2075,2130,30 30,
ketchup3,,2008_02_01,40,600,665,4 4,82 82
key,,2008_02_01,40,845,900,79 79,18 18
k-fr,,2008_02_01,40,1235,1300,58 58,
kick,,2008_02_01,40,1480,1516,20 20,18 18
kid,,2008_02_01,41,260,295,25 25,
kill,,2008_02_01,41,505,547,58 58,18 18
kind1,,2008_02_01,41,835,921,18 18,18 18
kind2,,2008_02_01,41,1320,1382,58 58,58 58
kindergarten,,2008_02_01,41,1605,1675,58 58,
king,,2008_02_01,41,1900,1956,58 58,
kiss-fr,,2008_02_01,41,2420,2460,51 51,51 51
kitchen1,,2008_02_01,41,2690,2735,58 58,18 18
kite,,2008_02_01,41,3045,3120,1 1,18 18
kneel-fr,,2008_02_01,42,252,300,77 41,18 18
knee-sh,,2008_02_01,42,495,535,41 41,18 18
knife1,,2008_02_01,42,785,825,1 1,1 1
knife2-fr,,2008_02_01,42,1051,1091,54 54,54 54
knock2_2h-fr,,2008_02_01,42,1332,1372,14 14,18 18
know,,2008_02_01,42,1550,1580,23 23,
korea,,2008_02_01,42,2120,2187,18 24,
l,,2008_02_01,42,3760,3805,60 60,
ladder1,,2008_02_01,43,390,445,36 36,36 36
ladder2,,2008_02_01,43,840,896,41 41,54 54
lady,,2008_02_01,43,1075,1115,14 4,
laid_up,,2008_02_01,43,1372,1441,41 41,41 41
lantern,,2008_02_01,43,2585,2662,81 81,35 35
lap2_both_hands,,2008_02_01,43,2942,3022,18 18,18 18
laptop_computer,,2008_02_01,43,3261,3320,18 18,18 18
large,,2008_02_01,43,3522,3555,59 59,59 59
last_week-fr,,2008_02_01,44,450,486,42 42,18 18
last_year2,,2008_02_01,44,645,675,82 1,
last2,,2008_02_01,44,895,935,57 57,57 57
late,,2008_02_01,44,1100,1135,18 18,
later1,,2008_02_01,44,1385,1410,60 60,
laugh,,2008_02_01,44,1595,1630,60 60,60 60
lay_off,,2008_02_01,44,2197,2240,18 18,18 18
lazy,,2008_02_01,44,2482,2535,60 60,
leaf,,2008_02_01,45,346,407,4 4,1 1
learn,,2008_02_01,45,592,627,4 51,18 18
leather1,,2008_02_01,45,1010,1060,60 60,
leather2,,2008_02_01,45,1330,1385,12 12,
leave,,2008_02_01,45,1657,1690,18 14,18 14
lebanon,,2008_02_01,45,2505,2550,39 51,39 51
lecture-fr,,2008_02_01,45,2787,2820,18 18,
left_arm,,2008_02_01,45,3060,3095,18 18,
left1,,2008_02_01,45,3315,3345,4 4,4 4
left4,,2008_02_01,45,3560,3595,60 60,
leg2,,2008_02_01,46,302,345,1 1,
legislature-fr,,2008_02_01,46,560,600,60 60,
lemon1-fr,,2008_02_01,46,895,920,60 60,
lend-front,,2008_02_01,46,1171,1207,68 68,68 68
lesbian1,,2008_02_01,46,1630,1670,60 60,
less1,,2008_02_01,47,412,445,23 23,18 18
less2,,2008_02_01,47,845,885,54 54,54 54
lesson,,2008_02_01,47,1130,1170,24 24,18 18
let,,2008_02_01,47,1405,1430,18 18,18 18
letter,,2008_02_01,47,1680,1720,12 12,18 18
level,,2008_02_01,48,295,330,20 20,20 20
liar1,,2008_02_01,48,560,597,1 1,
liar2,,2008_02_01,48,910,930,37 37,
library,,2008_02_01,48,1460,1505,60 60,
license,,2008_02_01,48,1745,1780,60 60,60 60
lick,,2008_02_01,48,2095,2141,75 75,18 18
lid,,2008_02_01,48,2611,2651,35 35,82 82
lie_down,,2008_02_01,48,2975,3025,77 77,18 18
lie1,,2008_02_01,48,3770,3800,1 1,
lie2,,2008_02_01,49,505,531,23 23,
life,,2008_02_01,49,727,771,60 60,60 60
lift,,2008_02_01,49,986,1027,31 31,31 31
light_flashing,,2008_02_01,49,1195,1240,39 51,39 51
light1_side,,2008_02_01,49,1435,1472,10 66,
light2,,2008_02_01,49,1715,1750,52 4,52 4
lighthouse1,,2008_02_01,49,1990,2040,51 3,1 1
lightning,,2008_02_01,49,2645,2690,1 1,
lights_on,,2008_02_01,49,3045,3096,9 4,
lights_out,,2008_02_01,50,575,660,10 51,
lightweight-fr,,2008_02_01,50,885,935,66 66,66 66
like2,,2008_02_01,50,1140,1172,66 10,
limit_front,,2008_02_01,50,1510,1555,24 24,24 24
line,,2008_02_01,50,1760,1800,57 57,57 57
line_on_a_page-fr,,2008_02_01,50,2197,2281,57 57,18 18
line_up,,2008_02_01,50,2505,2541,3 3,3 3
lion-fr,,2008_02_01,50,2760,2805,4 35,
lipreading,,2008_02_01,50,3050,3096,77 77,
lips,,2008_02_01,50,3195,3237,1 1,
lipstick,,2008_02_01,51,315,365,79 79,
liquor_whiskey,,2008_02_01,51,612,652,55 55,55 55
list,,2008_02_01,51,882,940,31 31,18 18
listen,,2008_02_01,51,1112,1156,31 31,
little,,2008_02_01,51,1475,1520,18 18,18 18
live,,2008_02_01,51,1716,1760,12 12,12 12
loaf_of_bread1,,2008_02_01,51,2430,2495,23 36,18 36
loaf_to_laze2,,2008_02_01,51,2761,2815,18 18,18 18
lobster-fr,,2008_02_01,51,3010,3055,77 76,77 76
lock_up,,2008_02_01,52,297,345,35 82,82 82
london,,2008_02_01,52,520,570,60 60,
lonely,,2008_02_01,52,751,805,42 42,
long_ago,,2008_02_01,52,1007,1091,4 4,
long_front,,2008_02_01,52,1405,1457,1 1,14 14
look_at,,2008_02_01,52,1790,1845,77 77,
look_at_me,,2008_02_01,52,2050,2091,77 77,
look_back,,2008_02_01,52,2335,2390,77 77,
look_browse,,2008_02_01,52,2625,2710,77 77,
look_down,,2008_02_01,52,2915,2965,77 77,77 77
look_for,,2008_02_01,53,275,355,30 30,
look_forward,,2008_02_01,53,575,626,77 77,77 77
look_up,,2008_02_01,53,1570,1610,77 77,77 77
look-fr,,2008_02_01,53,3890,3935,77 77,
looks_5hs,,2008_02_01,53,4165,4225,4 4,
looks_n,,2008_02_01,53,4475,4525,1 1,
loose,,2008_02_01,53,4775,4840,1 1,51 51
lord1,,2008_02_01,54,275,325,60 60,
lord2_side,,2008_02_01,54,590,636,60 60,
los_angeles,,2008_02_01,54,816,846,60 14,
lose_compet,,2008_02_01,54,1035,1080,77 77,18 18
lose_something,,2008_02_01,54,1275,1315,51 39,51 39
lotion,,2008_02_01,54,1477,1535,4 4,4 4
loud,,2008_02_01,54,1821,1875,1 82,82 82
loudspeaker1,,2008_02_01,54,2266,2355,4 35,4 35
loudspeaker2,,2008_02_01,54,5105,5172,82 4,82 4
lousy-fr,,2008_02_01,54,5454,5505,,
low1,,2008_02_01,55,777,820,23 23,18 18
low2,,2008_02_01,55,1040,1105,18 18,18 18
lower_case_letter,,2008_02_01,55,1272,1325,71 73,
lucky,,2008_02_01,55,1510,1545,13 13,
luggage,,2008_02_01,55,1760,1807,14 14,
lunch1,,2008_02_01,55,2025,2060,60 60,
lungs,,2008_02_01,55,2560,2615,24 24,24 24
m,,2008_02_01,55,3095,3136,62 62,
m_r,,2008_02_01,56,315,361,62 70,
m_w,,2008_02_01,56,1181,1205,62 78,
machine,,2008_02_01,56,1805,1860,35 35,35 35
mad,,2008_02_01,56,2082,2105,35 5,
magazine-fr,,2008_02_01,56,2380,2420,12 12,18 18
magic,,2008_02_01,56,2675,2707,82 4,82 4
magnet,,2008_02_01,56,3085,3126,4 51,51 51
main2-fr,,2008_02_01,56,3400,3435,46 46,20 20
mainstream,,2008_02_01,56,3677,3725,4 4,4 4
major2_specialty_side,,2008_02_01,56,3990,4035,1 1,1 1
make,,2008_02_01,57,285,325,82 82,82 82
malaysia,,2008_02_01,57,720,780,18 18,18 18
male,,2008_02_01,57,1012,1050,30 51,
male_haircut,,2008_02_01,57,1365,1422,77 54,77 54
man2,,2008_02_01,57,1660,1715,4 4,
manage,,2008_02_01,57,1960,2005,79 79,79 79
many,,2008_02_01,57,2866,2900,82 4,82 4
march-fr,,2008_02_01,57,3170,3222,3 3,3 3
marijuana,,2008_02_01,58,575,625,44 44,
marriage,,2008_02_01,58,810,860,36 36,36 36
marry,,2008_02_01,58,1290,1330,36 36,36 36
mary_virgin,,2008_02_01,58,1630,1697,27 27,
mask1,,2008_02_01,58,2191,2227,71 71,71 71
mask2,,2008_02_01,58,2470,2500,37 37,37 37
match_fit,,2008_02_01,58,2785,2830,35 35,35 35
match1_n,,2008_02_01,58,3135,3170,79 79,18 18
material1,,2008_02_01,58,3406,3450,27 27,18 18
material2,,2008_02_01,58,3655,3695,51 51,51 51
mathematics,,2008_02_15,1,215,265,27 27,27 27
maybe,,2008_02_15,1,850,907,18 18,18 18
mayo,,2008_02_15,1,2370,2397,27 52,
me_too-fr,,2008_02_15,1,3067,3135,81 81,
measles,,2008_02_15,1,3350,3405,35 35,35 35
measure,,2008_02_15,1,3617,3675,81 81,81 81
meat,,2008_02_15,1,3895,3937,18 18,67 67
mediate-sh,,2008_02_15,1,4195,4281,7 7,7 7
medicine_side,,2008_02_15,1,4470,4515,13 13,18 18
meditate,,2008_02_15,2,295,371,45 45,45 45
meditation2,,2008_02_15,2,581,617,10 10,10 10
medium,,2008_02_15,2,825,895,46 46,18 18
meetingn,,2008_02_15,2,1035,1085,39 51,39 51
meetv,,2008_02_15,2,1295,1330,42 42,42 42
member,,2008_02_15,2,1590,1640,23 23,
memorize,,2008_02_15,2,1830,1881,4 82,
menstruation,,2008_02_15,2,2605,2650,14 14,
mention,,2008_02_15,2,2833,2890,54 54,54 54
mesh,,2008_02_15,3,650,712,4 4,4 4
message,,2008_02_15,3,901,975,44 44,44 44
messy,,2008_02_15,3,1640,1672,5 5,5 5
metal,,2008_02_15,3,1875,1905,79 79,
mexico1,,2008_02_15,3,4410,4455,77 77,
mexico2-fr,,2008_02_15,4,960,1020,79 79,79 79
mexico3,,2008_02_15,4,1246,1292,46 14,
miami-fr,,2008_02_15,4,2055,2090,62 62,18 18
microphone_n,,2008_02_15,4,2400,2425,82 82,
microphone_v,,2008_02_15,4,2606,2652,82 82,
microwaven,,2008_02_15,4,2915,2955,82 18,82 18
midnight1,,2008_02_15,4,3332,3391,19 19,19 19
midnight2,,2008_02_15,4,3647,3686,16 77,20 20
milan,,2008_02_15,4,4000,4066,1 1,1 1
milk,,2008_02_15,5,290,336,39 82,
milk_a_cow,,2008_02_15,5,525,600,39 82,39 82
million-fr,,2008_02_15,5,1287,1330,24 24,18 18
mine2,,2008_02_15,5,2386,2445,18 18,
minimum,,2008_02_15,5,2655,2710,18 18,18 18
minor1,,2008_02_15,5,5992,6032,19 19,46 46
minor2_insignificant,,2008_02_15,6,282,320,44 44,44 44
minute,,2008_02_15,6,510,547,42 42,18 18
mirror,,2008_02_15,6,750,790,18 18,
mischievous,,2008_02_15,6,1050,1097,2 2,2 2
mischievous1,,2008_02_15,6,1527,1571,2 2,2 2
miscommunication1,,2008_02_15,6,3990,4045,30 30,30 30
miscommunication2,,2008_02_15,6,4240,4270,77 77,77 77
miss1,,2008_02_15,6,4488,4535,1 1,
miss2-fr,,2008_02_15,6,4736,4766,42 42,13 13
mission,,2008_02_15,7,776,800,27 27,18 18
mistake1,,2008_02_15,7,1740,1775,81 81,
mistake2_repeat_mvmt2x,,2008_02_15,7,1980,2025,81 81,
misunderstand1,,2008_02_15,7,2245,2300,77 77,
misunderstand2,,2008_02_15,7,2545,2611,77 77,77 77
mix,,2008_02_15,7,2925,2985,35 35,35 35
model-fr,,2008_02_15,7,3455,3505,27 27,18 18
mold,,2008_02_15,7,3825,3870,4 35,4 35
monday_front,,2008_02_15,7,4082,4125,27 27,
money_front,,2008_02_15,8,317,370,27 27,37 37
monkey,,2008_02_15,8,531,586,4 7,4 7
montana,,2008_02_15,8,746,785,27 27,27 27
month_front,,2008_02_15,8,1210,1241,1 1,1 1
monthly-fr,,2008_02_15,8,1465,1515,1 1,1 1
moon-fr,,2008_02_15,9,1745,1786,38 38,
mop,,2008_02_15,9,2092,2190,80 80,80 80
more,,2008_02_15,9,2326,2371,51 51,51 51
morning,,2008_02_15,9,2556,2595,31 31,18 18
moses,,2008_02_15,10,985,1041,27 27,18 18
mosquito2-fr,,2008_02_15,10,2582,2626,13 18,
mosquito3-fr,,2008_02_15,10,2910,2970,82 82,82 82
most,,2008_02_15,10,3242,3272,12 12,12 12
mother,,2008_02_15,10,3491,3530,4 4,
motor_car,,2008_02_15,10,4016,4072,35 35,35 35
